RowLabels,y,COL+GPAT_CO_AT+ENV_PAT,COL+GPAT_CO_PR+ENV_PAT,COL+GPAT_CO_PR+TOT,DEV+GPAT_DE_AI+ENV_PAT,DEV+GPAT_DE_AT+ENV_PAT,DEV+GPAT_DE_CAP+ENV_PAT,DEV+GPAT_DE_GBAORD+ENV_PAT,DEV+GPAT_DE_PERC+BUILD,DEV+GPAT_DE_PERC+ENE,DEV+GPAT_DE_PERC+GHG,DEV+GPAT_DE_PERC+GOODS,DEV+GPAT_DE_PERC+ICT,DEV+GPAT_DE_PERC+MAN,DEV+GPAT_DE_PERC+TRA,DEV+GPAT_DE_PERC+WAT,DEV+GPAT_DE_PERC+WAT_WASTE,DIFF+GPAT_DI_AI+ENV_PAT,DIFF+GPAT_DI_AT+ENV_PAT,DIFF+GPAT_DI_PERC+BUILD,DIFF+GPAT_DI_PERC+ENE,DIFF+GPAT_DI_PERC+GHG,DIFF+GPAT_DI_PERC+GOODS,DIFF+GPAT_DI_PERC+ICT,DIFF+GPAT_DI_PERC+MAN,DIFF+GPAT_DI_PERC+TRA,DIFF+GPAT_DI_PERC+WAT,DIFF+GPAT_DI_PERC+WAT_WASTE,RENEW+GPAT_DE_RERD+ENV_PAT
AUS2008,42279.15,5.8,45.54,582.61,1.09,11.96,14.63,1.17,5.8,29.31,2.44,15.96,0.92,23.14,6.13,10.57,5.73,3.27,10.26,4.72,24.95,2.82,16.91,2.24,30.52,6.46,6.6,4.77,3.63
AUS2009,42574.69,6.02,35.19,440.44,1.04,12.85,15.09,0.73,3.76,28.89,3.33,13.57,0.4,32.86,5.91,6.32,4.95,3.33,11.26,5.41,27.69,3.7,15.37,1.8,29.13,6.39,5.75,4.77,1.8
AUS2010,42574.69,8,54,525.28,0.9,13.53,14.56,0.79,5.02,27.15,3.47,15.15,0.88,30.7,6.49,5.37,5.77,3.5,12.61,5.58,27.54,3.26,17.43,1.89,28.6,5.99,4.89,4.84,1.43
AUS2011,43483.14,10.08,52.2,562.59,0.8,12.13,13.37,0.82,8.69,23.33,1.37,17.39,1.72,32.11,5.64,4.73,5.01,3.02,11.61,5.63,26.82,2.86,16.89,2.56,28.32,7.19,4.63,5.1,0.64
AUS2012,43907.62,9.06,49.2,570.15,0.72,10.87,11.97,0.74,15.64,24.41,1.64,11.62,1.92,26.97,6.67,7.16,3.97,2.76,10.99,6.31,28.19,2.9,15.25,2.55,27.31,7.64,4.8,5.06,0.45
AUS2013,44355.80,7.67,55.44,646.05,0.75,10.55,11.98,0.5,10.53,23.48,2.44,14.5,3.26,26.58,5.68,7.17,6.36,2.5,9.82,5.99,24.98,2.61,16.38,4.91,28.99,6.28,4.18,5.68,0.21
AUS2014,44735.02,6.39,38.35,572.26,0.75,10.27,11.37,0.5,12.39,27.93,0.9,13.42,3.28,24.61,6.87,5.94,4.65,2.17,8.93,6.83,23.95,2.01,17.39,2.98,29.47,7,5.61,4.77,1.08
AUS2015,45362.43,6.34,39.53,577.22,0.75,9.61,10.55,0.62,6.02,25.34,2.56,17.99,2.39,25.57,8.3,6.87,4.95,2.06,8.14,6.44,27.16,1.97,17.63,3.16,27.23,6.1,4.09,6.23,0.59
AUS2016,45793.25,5.63,36.26,540.02,0.77,9.16,10.18,0.55,6.87,18.09,1.79,19.15,1.79,33.35,5.73,4.81,8.43,2.19,7.75,8.4,23.37,2.21,16.28,4.71,27.97,6.85,4.58,5.64,1.34
AUT2008,42279.15,13.16,109.18,813.8,1.04,12.94,35.58,5.03,11.9,18.57,0.44,11.51,0.73,38.29,10.61,2.53,5.41,1.51,10.88,6.64,16.48,0.7,8.98,2.01,39.1,20.12,2.54,3.44,2.01
AUT2009,41202.66,11.53,98.43,853.74,0.94,12.21,35.27,3.77,10.63,22.81,1.24,11.53,1.33,29.5,16.54,2.31,4.11,0.9,11.19,7.98,19.84,0.84,8.82,1.43,34.5,21.47,2.92,2.2,1.81
AUT2010,41773.57,13.44,108.1,821.28,1.04,14.51,44.2,4.64,11.6,21.54,0.7,8.75,0.28,27.8,22.49,2.66,4.19,0.44,14.27,10.23,20.08,0.25,7.07,1.14,29.8,24.24,2.53,4.67,2.17
AUT2011,42773.02,12.8,122.58,922.48,0.95,14.03,42.23,3.63,10.55,22.54,0.75,11.63,0.64,29.91,14.19,2.59,7.2,0.21,15.59,9.05,25.83,0.22,10.15,,30.91,16.34,0.88,6.62,2.27
AUT2012,42817.27,14.93,154,1010.87,0.97,14.42,43.72,2.88,11.81,19.36,1.64,10.5,0.84,28.8,19.02,2.48,5.55,0.21,17.34,10.16,25.51,1.13,7.45,,32.28,16.93,3.39,3.16,2.14
AUT2013,42558.08,10.47,93.84,955.01,0.75,10.48,32.93,1.82,13.52,20.19,1.28,12.56,1.37,29.05,16.81,0.85,4.36,0.16,13.42,14.19,25.16,0.97,10.97,,30.32,14.52,0.97,2.9,1.28
AUT2014,42546.00,13.95,156.75,1041.93,0.88,11.39,36.41,3.26,13.73,18.8,0.57,9.27,0.94,35.8,14.48,1.7,4.71,0.18,15.63,16.28,18.07,,6.11,0.25,34.86,15.78,1.78,6.87,1.4
AUT2015,42663.43,12.56,144.69,1087,0.89,11.06,34.43,2.1,14.07,14.38,0.69,7.86,0.54,35.6,20.9,2.08,3.88,0.17,14,11.35,14.05,0.27,7.3,0.27,38.38,21.35,2.7,4.32,1.57
AUT2016,43210.19,10.91,123.42,1109.5,0.81,9.88,29.52,2.44,12.27,15.71,0.29,8.55,1.15,34.78,22.15,3.15,1.96,0.14,12.1,10.45,17.54,,12.31,0.37,35.82,17.91,2.61,2.99,0.78
BEL2008,40313.04,11.01,92.48,753.35,0.63,9.65,16.6,1.84,8.74,19.91,1.6,20.44,0.93,26.65,4.91,11.4,5.42,0.05,8.25,20.31,28.13,,7.81,,29.69,7.81,3.13,3.13,
BEL2009,39110.14,10.58,75.4,774.27,0.75,13.03,21.79,2.05,8.44,18.91,0.1,18.44,1.54,27.11,7.92,11.78,5.77,0.06,9.97,10,20,,10,,34,12,4,10,
BEL2010,39893.95,12.69,104.32,757.56,0.63,12.19,20.74,1.99,8.92,26.53,0.99,17.87,1.25,27.31,6.67,5,5.46,0.05,9.78,12.9,32.26,1.08,13.98,,29.03,3.23,1.08,6.45,
BEL2011,40334.40,12.05,121.44,876.6,0.54,10.23,18.39,1.71,7.32,20.13,1.13,18.8,2.21,27.05,10.19,6.87,6.31,0.05,10.2,16.67,26.04,,12.5,,26.04,11.46,3.13,4.17,2.04
BEL2012,40168.31,9.82,86.18,834.85,0.48,9.25,16.44,1.35,8.57,25.33,1.06,17.09,0.88,29.88,11.59,1.17,4.43,0.04,8.57,15.38,32.05,1.28,17.95,,20.51,6.41,1.28,5.13,2.74
BEL2013,40001.19,10.62,80.04,779.4,0.52,9.79,17.49,1.53,6.29,22.64,0.11,18.09,2,28.16,14.01,4.86,3.84,0.03,10.94,7.5,22.5,,17.5,8.75,31.25,6.25,1.25,5,2.16
BEL2014,40260.44,11.14,112.5,835.14,0.57,10.8,18.28,1.47,4.59,14.76,2.21,18.33,2.71,33.68,12.14,7.05,4.54,,,,,,,,,,,,1.05
BEL2015,40718.73,14.14,146.4,841.1,0.58,9.75,17.28,1.87,5.4,13.69,2.73,19.32,2.25,35.92,13.09,3.46,4.13,,,,,,,,,,,,1.28
BEL2016,41068.32,9.27,71,811.43,0.58,9.09,16.46,,5.7,15.25,1.11,15.22,2.46,37.05,16.33,2.75,4.12,0.07,10.53,10.48,13.71,,12.9,,37.1,8.87,6.45,10.48,1.3
CAN2008,40880.52,7.85,205.2,2276.21,1.95,10.49,16.73,0.68,6.17,22.56,2.45,14.82,8.15,30.03,5.75,4.13,5.94,4.81,11.15,5.03,22.47,2.36,16.57,3.01,30.54,11.26,4.27,4.5,1.83
CAN2009,39203.04,8.33,188.64,2264.16,1.97,11.28,18.41,0.66,7.16,24.62,2.64,13.37,5.41,30.23,5.99,4.72,5.86,4.74,12.16,6.25,26.06,3.08,15.42,2.26,28.24,9.38,4.68,4.62,1.57
CAN2010,39939.09,9.21,260,2605.44,2.05,12.12,21.49,0.63,8.54,28.84,1.7,13.58,5.6,26.2,7.55,4.35,3.64,4.53,12.81,6.46,27,2.68,16.49,1.93,27.39,9.33,4.61,4.11,1.83
CAN2011,40728.85,10.08,302.12,2765.76,1.94,12.23,21.16,0.73,7.71,29.97,1.32,13.38,4.71,24.75,8.91,5.49,3.75,4.23,12.81,5.91,25.16,2.51,17.11,2.5,28.03,9.78,4.27,4.73,1.35
CAN2012,40992.21,9.09,276.5,2799.1,1.85,11.96,20.26,0.8,6.86,22.17,2.26,15.68,7.17,28.85,8.87,4.11,4.04,3.88,12.61,5.25,25.27,2.41,16.15,2.23,28.43,11.58,3.9,4.77,0.83
CAN2013,41502.34,8.67,245,2824.36,1.84,10.92,19.47,0.77,7.37,21.08,1.39,11.95,6.94,30.28,11.76,5.21,4.02,3.75,12.27,5.09,22.93,2.28,16.44,2.56,28.24,12.3,4.29,5.87,1.16
CAN2014,42252.50,8.89,202.4,2376.48,1.81,11.34,18.15,,7.78,19.61,0.94,12.78,6.39,28.06,14.7,4.97,4.78,3.45,11.08,5.77,21.3,1.56,16.78,2.5,30.01,12.62,4.93,4.53,1.43
CAN2015,42116.12,8.7,206.8,2428.32,1.71,10.18,15.98,,6.15,14.82,1.64,15.5,7.04,31.63,12.96,4.99,5.28,3.25,10.87,6.48,20.64,1.8,17.11,1.81,29.02,13.58,4.24,5.31,0.78
CAN2016,42165.41,8.74,202.98,2323.56,1.75,9.84,15.41,,6.07,14.44,2.09,12.47,7.12,30.55,13.07,10.1,4.09,3.18,10.33,5.42,18.61,1.79,18.47,1.6,29.98,13.33,5.06,5.72,0.7
CHL2008,17801.29,12.5,2,24,0.05,16.56,0.78,,4.48,8.95,5.24,31.33,0,34.33,0,8.95,6.71,0.13,9.18,2.96,15.76,0.49,21.67,,39.9,1.48,4.43,13.3,
CHL2009,17338.20,27.08,3.12,27.36,0.06,16.35,1.07,,0,36.07,0,14.2,0,32.79,6.56,2.2,8.2,0.01,17.58,,44,,16,,36,,,4,
CHL2010,18161.80,8.96,4.02,43.55,0.06,15.24,1.2,,0,9.65,2.85,18.73,0,42.2,9.02,6.18,11.38,0.01,15.15,,13.04,4.35,21.74,,47.83,,4.35,8.7,
CHL2011,19080.39,10.53,7.04,41.04,0.09,22.45,2.02,0.55,2.63,9.73,0,14.99,1.98,42.35,4.94,2.97,20.42,0.02,17.36,,19.23,,23.08,,38.46,3.85,3.85,11.54,
CHL2012,19902.60,13.39,3,29.12,0.07,19.96,1.57,0.63,3.77,13.81,0,21.34,0,47.28,5.02,7.53,1.26,0.21,17.39,3.01,26.05,1,21.84,,31.66,6.61,4.61,5.21,
CHL2013,20505.96,20.34,8.16,34.22,0.07,19.45,1.59,0.58,3.49,23.26,0,16.28,0,34.88,4.65,1.16,16.28,0.22,15.41,4.45,30.75,1.16,19.92,,32.5,3.87,2.13,5.22,
CHL2014,20647.97,12.03,7.04,39.9,0.07,14.12,1.42,0.52,6.63,19.33,0,36.47,0,35.91,0,0,1.66,0.36,14.24,2.42,34.06,1.28,18.62,1.28,30.87,2.17,2.68,6.63,
CHL2015,20876.33,11.82,1.04,30.8,0.09,17.11,1.75,0.67,2.5,13.75,0,33.75,0,30,5,2.5,12.5,0.35,13.44,3.26,31.34,0.41,17.37,1.22,33.51,1.63,4.21,7.06,
CHL2016,20945.66,12.03,1.14,28.44,0.07,15.67,1.28,,0,18.31,0.93,19.72,0,21.61,0,8.45,30.99,0.22,13.31,6.46,33.96,0.21,23.33,0.63,23.96,1.25,2.5,7.71,
CZE2008,27016.96,11.68,33.12,212.76,0.15,11.71,4.02,0.49,8.9,24.48,0.74,19.04,0,29.04,8.16,1.48,8.16,0.07,9.14,3.03,28.28,,11.11,,42.42,8.08,1.01,6.06,1.2
CZE2009,27504.35,11.23,23.04,182.4,0.13,11.16,3.77,0.39,11.99,23.37,0,12.1,0.73,38.99,3.63,0.36,8.83,0.08,10.77,6.8,23.81,,8.84,,45.58,2.72,,12.24,0.77
CZE2010,27504.35,12.23,29.24,217.93,0.13,13.49,4.27,0.42,6.58,27.55,2.44,9.03,0,36.58,7.57,2.19,8.05,0.08,11.43,1.91,14.01,0.64,5.73,1.27,53.5,5.1,4.46,13.38,0.53
CZE2011,27913.85,12.08,31.16,224.07,0.13,13.03,4.73,0.45,10.18,18.32,0.45,10.45,2.94,35.05,11.98,1.13,9.5,0.06,10.34,4.41,25,,5.88,,42.65,13.97,0.74,7.35,0.46
CZE2012,27651.92,10.72,27.59,282.2,0.12,10.32,4.28,0.44,13.31,35.51,0,7.1,0,20.42,14.79,2.66,6.21,0.07,11.38,3.17,38.89,,4.76,,34.13,5.56,3.17,10.32,0.45
CZE2013,27504.55,10.76,34,334.44,0.15,12.42,5.27,0.51,7.81,15.62,0,16.78,0.29,40.12,11.28,3.47,4.63,0.06,10,6.67,18.52,0.74,18.52,,40.74,4.44,2.96,7.41,0.47
CZE2014,28239.13,10.07,30.03,343.52,0.15,12.29,5.22,0.39,8.69,13.03,1.24,11.17,0,46.33,9.83,7.24,2.48,0.06,10.68,4.03,15.32,0.81,12.1,,50,5.65,1.61,10.48,0.52
CZE2015,29709.55,8.78,41.34,355.2,0.12,8.01,3.75,0.28,3.61,12.65,0.9,15.36,1.81,29.97,25.75,3.61,6.33,0.05,7.81,3.09,15.46,,17.53,,44.33,6.19,3.09,10.31,0.32
CZE2016,30387.55,11.05,43.35,330.67,0.17,12.25,5.27,0.38,8.19,11.97,0,12.6,2.52,38.97,18.81,1.26,5.67,0.05,10,1.94,21.36,,13.59,,44.66,5.83,0.97,11.65,0.88
DEU2008,40242.75,12.79,688.84,6018.06,14.39,12.96,50.76,2.55,6.42,20.75,0.72,10.23,0.87,34.71,21.28,2.74,2.28,8.62,14,5.55,16.16,0.37,6.68,0.86,38.66,27.16,2.65,1.91,6.29
DEU2009,38059.40,13.71,749.7,5772.96,13.87,13.89,54.06,2.35,6.87,23.26,1,9.47,1.12,30.34,22.66,2.91,2.37,7.32,14.78,6.15,19.06,0.52,6.43,0.81,35.65,26.71,2.69,1.98,4.72
DEU2010,39647.96,14.85,866.78,5837.75,13.28,14.46,58.91,2.52,6.54,23.34,0.82,10.06,1.11,29.26,24.61,2.37,1.89,7.15,15.64,6.33,19,0.45,6.94,0.78,33.54,29.17,2.23,1.57,4.95
DEU2011,41084.52,15.01,830.34,5839.08,12.5,14.36,58.37,2.4,6.4,25.3,0.77,10.14,0.96,28,24.18,2.22,2.03,6.67,16.09,5.64,20.53,0.31,6.88,0.64,31.33,30.63,2.48,1.56,4.07
DEU2012,41227.00,14.3,886.8,5890.76,11.43,13.76,54.05,1.97,5.84,23.26,0.67,9.74,1.33,29.52,24.93,2.65,2.05,6.08,15.45,5.53,18.71,0.22,6.88,1.1,31.87,32.08,2.08,1.52,3.25
DEU2013,41325.88,13.2,716.21,6064.23,10.83,13.04,49.83,1.55,5.71,18.18,0.78,11.73,1.21,31.24,25.14,3.69,2.31,5.82,15.06,5.14,14.58,0.39,6.45,1.8,33.85,34.16,2.4,1.25,2.06
DEU2014,42082.89,13.19,846.2,6094.06,10.85,12.55,47.57,1.42,5.36,17.63,0.8,10.28,0.92,33.19,26.71,2.76,2.34,5.79,14.37,4.5,13.38,0.37,6.04,1.02,35.21,36.12,2.17,1.2,1.9
DEU2015,42638.27,13.2,842,6061.95,10.82,11.98,44.47,1.38,5.29,15.5,0.54,11.18,1.1,33.51,27.3,3.66,1.93,6.01,14.21,4.37,10.54,0.27,6.23,1.5,36.29,36.97,2.74,1.1,1.6
DEU2016,43378.80,12.51,636.96,5728.68,10.76,11.25,41.9,1.26,4.35,14.25,0.56,12.03,1.19,33.49,28.89,3.31,1.92,6.03,13.47,4.32,10.76,0.29,7.02,1.06,37.51,35.71,2.29,1.05,1.54
DNK2008,44791.10,13.45,47.46,352.8,1.39,21.08,72.26,2.8,6.32,55.07,0.86,15.35,1.37,16.24,2.58,1.05,1.15,0.73,16.67,6.7,37.68,1.2,17,0.86,27.55,3.86,1.72,3.43,5.81
DNK2009,42372.53,13.05,49.22,360.8,1.19,22.33,68,2.58,10.2,56.66,0.66,15.33,1.23,11.5,2.68,1.14,0.61,0.73,18.44,5.9,41.78,1.26,14.32,0.63,25.41,5.51,2.83,2.36,5.11
DNK2010,42944.19,19.42,81,408.66,1.3,25.86,83.6,2.42,4.6,59.35,0.45,16.45,1.17,11.75,4.12,1.21,0.9,0.71,19.71,6.67,40.57,0.85,15.9,0.62,22.27,8.07,1.94,3.1,4.44
DNK2011,43298.96,23.68,82.44,386.8,1.31,25.43,88.54,2.6,6.21,56.08,0.29,17.97,0.75,12.42,2.69,1.58,2.01,0.74,21.84,6.53,43.82,0.7,14.4,0.98,20.93,6.6,1.97,4.07,4.67
DNK2012,43181.04,20.24,75.03,415.84,1.08,22.67,73.68,2.56,5.2,50.22,0.37,15.55,0.8,18.78,5.17,2.23,1.67,0.56,19.94,5.73,46.34,0.34,15.5,0.42,19.55,5.81,2.36,3.96,4.02
DNK2013,43373.48,17.52,73.48,428.85,0.9,18.72,59.52,1.94,6.24,48.67,0.31,15.53,0.95,20.41,4.78,1.2,1.91,0.48,19.15,5.59,39.02,0.57,14.11,0.76,26.61,7.67,2.37,3.31,2.64
DNK2014,43873.14,18.98,58.8,336.3,0.92,19.51,58.1,2.11,6.57,42.02,0.83,20.85,1.16,20.28,4.73,0.94,2.61,0.37,17.44,4.44,39.83,0.74,14.18,0.99,27.13,7.89,2.22,2.59,3.42
DNK2015,44707.55,13.51,29.96,316.8,0.91,17.88,54.04,2.04,6.8,46.05,0.23,17.93,0.47,18.52,5.74,2.46,1.8,0.34,19.47,5.29,43.29,0.29,14.43,0.57,24.43,7.14,2,2.57,2.74
DNK2016,45598.80,18.51,35.31,242.76,1.2,22.35,67.45,3.96,7.46,50.88,0.5,18.06,0.57,17.16,3.3,0.6,1.47,0.28,21.65,5.29,44.71,0.78,16.08,1.18,22.75,5.1,2.35,1.76,5.43
ESP2008,33466.67,11.6,58.65,703.68,0.92,11.97,5.72,0.25,9.78,39.51,0.92,10.02,0.79,20.3,7.42,6.14,5.13,1.57,11.39,5.97,30.45,0.88,13.12,0.84,29.53,10.99,3.51,4.72,2.56
ESP2009,31914.07,14.57,78.72,630.28,1.08,14.71,7.33,0.32,7.43,40.8,1.04,11.8,1.51,18.86,9.3,4.28,4.96,1.55,12.56,5.89,32.14,0.99,11.58,1.95,28.36,11.06,2.9,5.13,1.7
ESP2010,31682.25,12.01,76.8,719.55,0.85,12.8,6.53,0.35,6.99,38.56,0.68,14.96,0.85,20.25,9.91,3.83,3.95,1.41,13.32,6.37,31.42,0.9,13.64,1.68,25.48,12.31,3.71,4.49,1.31
ESP2011,31263.75,14.45,95.52,798.95,0.92,14.62,7.35,0.4,8.14,39.9,1.59,13.07,1.21,21.95,8.49,2.33,3.32,1.29,13.89,7.7,32.26,1.24,13.05,2.28,26.11,9.82,2.71,4.83,0.87
ESP2012,30362.08,14.59,124.48,773.43,0.91,15.37,7.42,0.64,6.61,48.81,1.15,9.81,1.74,18.13,8.88,1.64,3.21,1.09,13.34,9.08,31.47,1.33,12.14,1.42,25.44,11.11,2.67,5.34,1.95
ESP2013,29928.45,13.14,76.65,805.33,0.87,14.57,6.91,0.63,7.04,37.21,0.77,9.99,1.99,20.76,11.48,3.62,7.13,0.98,13.71,7.31,26.64,0.93,11.73,5.79,27.28,11.04,3.83,5.45,2.78
ESP2014,30440.46,12.92,123.76,873.58,0.79,12.81,6,0.55,7.82,34.91,0.73,10.14,1.31,22,10.96,3.82,8.3,0.74,12.47,5.94,29.61,0.84,10.52,2.84,27.48,13.1,3.61,6.06,1.41
ESP2015,31621.58,12.74,137.64,934.72,0.77,12.22,5.57,0.45,3.96,35.35,0.5,10.26,2.01,28.93,11.99,2.63,4.36,0.45,11.68,4.91,31.96,0.68,10.05,1.37,30.82,11.19,3.08,5.94,1.32
ESP2016,32651.23,12.94,91.28,806.4,0.62,9.91,4.26,,7.19,25.57,1.38,11.55,3.12,28.38,13.5,3.19,6.13,0.26,10.76,7.97,26.29,1.2,10.56,1.59,30.68,10.76,4.38,6.57,0.98
EST2008,24590.28,5.88,0,37.4,0.02,11.16,4.72,,21.44,24.97,0,32.15,0,21.44,0,0,0,0.01,17.19,42.86,7.14,,14.29,,28.57,,,7.14,
EST2009,21031.31,7.69,3.01,30.03,0.02,7.84,3.74,,33.33,33.33,0,8.33,8.33,16.67,0,0,0,0.01,11.84,20,20,,20,10,20,,,10,
EST2010,21571.55,14.61,0,32.04,0.04,25.04,11.58,,13.27,16.33,0,0,39.8,20.41,0,6.12,4.08,0.02,24.68,10.34,20.69,,6.9,,41.38,,6.9,13.79,
EST2011,23287.18,13.48,7.08,47.17,0.04,21.22,10.79,,0,22.22,0,11.11,16.67,44.44,0,5.56,0,0.02,23.47,,12.5,,16.67,,66.67,,4.17,,0.47
EST2012,24373.75,12.12,1,20.13,0.03,23.92,7.31,,3.8,18.98,0,7.59,0,54.44,7.59,0,7.59,0.01,27.27,,14.29,,7.14,,64.29,,,14.29,8.69
EST2013,24922.93,0,0,32,0.01,7.39,3.28,,11.33,39.64,0,11.33,0,15.06,11.33,11.33,0,0,2.63,,,,33.33,,33.33,33.33,,,1.23
EST2014,25697.10,19.48,5.1,43.12,0.03,18.78,9.5,,5.88,20.59,,0,0,47.06,0,2.94,23.53,0,12.5,,12.5,,12.5,,62.5,,,12.5,0.35
EST2015,26204.37,7.02,2,38.19,0.02,14.56,5.7,,0,9.78,,70.67,3.89,11.78,0,3.89,0,0,17.86,6.25,6.25,,18.75,,50,6.25,,12.5,0.11
EST2016,27094.26,11.76,1.02,32.13,0.04,20.31,9.75,,11.43,32.4,,13.31,0,28.57,11.43,2.86,0,0.01,25,15.38,30.77,,23.08,,23.08,,,7.69,0.38
FIN2008,41340.85,8.36,47.25,586.32,0.74,11.95,39.89,1.04,5.28,18.6,0.31,16.45,10.06,36.42,7.6,0.62,4.66,0.21,11.71,5.85,16.62,0.31,12.92,2.77,45.85,9.54,0.92,5.23,1.04
FIN2009,37760.42,7.59,46.98,597.24,0.62,11.93,36.46,0.79,5.75,19.08,0.37,20.43,4.99,35.87,6.94,1.46,5.11,0.21,12.57,5.54,16.62,,16.31,1.54,43.69,9.54,2.15,4.62,0.71
FIN2010,38719.87,11.78,74.25,676.86,0.71,15.15,47.12,0.99,5.33,20.18,0.25,16.2,5.16,33.91,11.76,1.86,5.34,0.2,13.88,5.61,17.91,,12.57,1.6,41.98,12.3,1.87,6.15,1.18
FIN2011,39536.56,11.53,66.93,756.9,0.79,16.03,55.32,1.14,2.85,22.47,1.1,17.9,8.89,36.26,6.8,0.99,2.74,0.19,15.15,3.77,19.41,0.54,12.4,1.35,47.44,9.7,1.62,3.77,1.07
FIN2012,38794.69,11.13,84.24,812.87,0.79,15.41,56.22,1.39,7.24,19.59,0.44,10.84,9.53,38.88,9.24,1.42,2.83,0.2,21.39,5.57,17.99,0.43,10.71,12.85,40.9,6.64,1.5,3.43,1.66
FIN2013,38329.22,10.74,84.81,717.9,0.68,13.59,46.39,1.16,5.34,14.63,0.25,15.16,9.93,37.82,11.07,1.27,4.52,0.17,19.85,2.99,17.66,0.25,12.94,10.95,41.04,8.71,1.49,3.98,0.82
FIN2014,37930.67,12.44,59.22,657.43,0.63,13.88,41.1,1.05,5.78,14.04,0.44,17.99,7.14,36.95,11.57,2.22,3.86,0.15,20.14,4.48,14.85,0.28,16.25,1.4,46.78,10.64,1.96,3.36,0.84
FIN2015,37983.48,9.43,41.2,655.5,0.53,12.07,32.78,0.81,4.28,14.16,0,20.7,7.14,39.43,6.64,1.12,6.52,0.13,19.83,2.29,15.03,,18.3,0.65,49.35,7.19,0.98,6.21,0.79
FIN2016,38918.56,11.55,35.34,451.08,0.54,11.36,31.32,1.07,6.78,13.69,0.77,17.88,2.81,42.83,9.1,1.48,4.65,0.13,17.99,5.3,13.26,0.76,14.02,3.03,48.11,9.09,2.27,4.17,0.88
FRA2008,37897.81,12.7,300.74,2797.6,4.4,11.12,20.22,0.89,6.47,16.94,1.95,10.92,1.84,30.71,23.54,4.68,2.95,1.97,13.29,6.87,13.95,1.23,6.38,0.71,38.59,26.27,3.33,2.68,1.82
FRA2009,36612.48,13.99,323.18,2729.22,4.53,12.65,22.86,0.95,8.79,20.56,1.65,11.09,2.78,25.62,22.3,3.92,3.29,1.84,14.26,9.77,18.52,1.35,7.71,1.28,29.14,26.1,2.76,3.38,1.55
FRA2010,37126.40,13.68,338.8,2926.04,4.07,12.61,23.23,0.82,6.92,21.05,1.59,10.99,1.73,25.76,25.23,3.15,3.59,1.76,14.45,8.56,19.18,1.12,7.73,0.62,29.12,27.03,3.13,3.51,2.12
FRA2011,37734.81,14.51,350.49,2760.96,4.27,13.39,25.5,1.05,6.01,22.08,1.86,10.61,1.74,23.2,28.68,2.91,2.91,1.77,15.34,7.13,19.66,1.27,6.99,0.76,26.25,31.44,3.92,2.59,1.83
FRA2012,37649.31,14.94,362.8,2913.12,4.31,13.85,25.99,1.15,6.08,19.75,1.41,9.61,2.66,26.31,27.38,3.37,3.41,1.7,15.81,6.07,18.6,1.04,6.54,1.07,28.64,30.88,4.29,2.87,1.6
FRA2013,37671.13,14.24,318.06,2854.3,4.21,13.11,24.62,0.98,5.98,21.07,1.04,10.13,2.23,26.21,27.25,3.6,2.48,1.56,14.74,5.99,18.38,1,7.35,2.36,28.88,29.41,3.78,2.86,1.33
FRA2014,37853.59,13.2,301.32,2790.7,4.25,12.49,23.66,1.09,5.71,19.43,1.13,10.74,2.13,28.17,24.82,3.86,4.02,1.39,13.51,6.13,18.66,0.97,8.54,1.01,27.91,28.81,4.36,3.62,1.14
FRA2015,38120.68,12.85,274.04,2759.9,4.22,11.87,22.02,0.77,5.45,19,0.74,11.34,1.8,27.53,26.58,4.08,3.48,1.39,13.33,6.08,18.21,0.83,8.1,1.33,28.86,29.26,4.46,2.88,0.88
FRA2016,38410.51,11.35,216.64,2385.2,3.77,10.49,18.66,0.88,4.54,19.85,0.64,10.85,2.24,26.4,28.93,4.21,2.35,1.28,11.78,4.98,16.37,0.58,7.98,1.56,30.8,30.51,4.98,2.26,0.88
GBR2008,37346.73,9.1,221.37,2691,3.45,10.63,15.88,2.1,7.68,25.77,1.52,10.82,4.48,26.95,13.45,6.09,3.24,1.74,11.58,8.72,23.38,1.54,8.86,3.42,28.23,17.17,4.95,3.73,4.27
GBR2009,35371.71,10.86,274.38,2577.12,3.33,11.83,16.71,2.19,9.17,24.04,1.63,11.85,4.55,24.71,14.54,6.33,3.18,1.56,12.01,8.85,21.16,2.3,9.79,3.67,28.61,15.15,5.94,4.53,2.01
GBR2010,35619.16,12.77,344,2910.06,3.19,12.77,18.05,2.26,8.4,25.19,1.37,11.69,5.36,23.35,15.87,4.67,4.1,1.43,12.55,10.09,26.46,1.08,9.09,3.97,24.97,14.99,4.82,4.53,1.21
GBR2011,35887.13,12.29,448.2,3403.12,3.33,13.18,19.62,2.42,6.15,28.98,0.8,10.81,4.61,25.11,14.68,5.04,3.83,1.34,12.07,7.67,24.85,0.6,8.91,7.11,26.58,14.36,6.13,3.8,4
GBR2012,36122.42,11.24,380.64,3385.72,3.01,12.58,17.87,2.23,6.25,23.81,0.97,10.95,5,26.54,18.29,5.09,3.1,1.26,11.71,7.62,23.44,0.7,7.32,5.58,27.13,19.82,5.58,2.81,3.28
GBR2013,36601.41,9.28,296.64,3395.07,3.18,12.01,18.27,1.58,7.38,20.47,1.14,10.67,4.57,27.88,19.44,5.77,2.67,1.19,10.9,7.6,21.67,0.71,9.4,4.66,26.68,20.53,5.64,3.1,1.64
GBR2014,37427.40,10.41,332.16,3324.5,3.2,11.72,17.48,1.59,6.75,20.5,1.43,11.69,8.44,24.39,19.69,4.62,2.47,1.27,11.55,7.86,19.65,0.72,9.71,5.97,26.98,19.92,5.29,3.89,1.97
GBR2015,38052.38,10.4,295.68,3101.76,3.23,11.31,16.48,1.57,7.01,19.88,1.31,11.48,5.44,27.46,18.4,6.31,2.7,1.26,11.47,7.7,19.41,1.07,10.56,3.59,29.25,21.32,5.07,2.02,2.02
GBR2016,38477.46,9.53,233.1,2736.81,3.1,10.72,14.96,,6,17.09,1.51,11.14,4.09,30.65,21.17,5.36,3,1.18,10.81,8.48,15.97,1.02,9.07,3.75,32.37,20.19,5.07,4.09,1
GRC2008,31346.67,4.93,6.05,118.19,0.05,7.41,1.36,0.1,11.32,34.58,0,14.71,1.04,15.72,13.2,3.14,6.29,0.09,13.91,3.13,40.63,,6.25,0.78,28.91,5.47,9.38,5.47,
GRC2009,30220.35,11.54,19.2,127.4,0.08,14.15,2.43,0.42,10.11,37.1,0,8.7,4.21,21.19,18.69,0,0,0.07,14.64,4.35,54.78,,0.87,0.87,21.74,5.22,10.43,1.74,
GRC2010,28752.63,14.73,12.21,89.6,0.08,17.48,2.65,0.75,7.94,38.6,0,10.89,0,16.31,12.54,5.02,8.7,0.07,16.55,10.07,54.36,,8.05,,18.79,1.34,2.01,5.37,5.58
GRC2011,26268.08,16.36,17.15,100.58,0.1,20.14,3.33,0.98,11.02,28.2,0,6.89,1.66,24.53,13.68,12.02,2,0.07,18.4,8.46,51.54,,1.54,0.77,20,4.62,8.46,4.62,4.02
GRC2012,24458.69,8.87,12.22,108.41,0.06,10.9,2,0.38,12.59,33.27,0,17.7,1.37,17.99,15.29,1.8,0,0.05,15.49,4.76,51.19,,3.57,,29.76,4.76,3.57,2.38,
GRC2013,23755.39,8.37,13.2,110.46,0.08,13.94,2.68,0.48,6.18,27.37,0,16.06,6.55,37.06,4.32,0,2.47,0.05,14.88,3.92,39.22,,6.86,0.98,36.27,1.96,3.92,6.86,
GRC2014,24018.44,7.64,11.13,104.5,0.06,11.77,2.01,0.32,13.23,45,,5.82,8.15,8.6,3.31,7.94,7.94,0.04,11.7,9.2,39.08,,6.9,5.75,21.84,1.15,4.6,11.49,
GRC2015,24006.84,10.11,7.03,86.48,0.05,9.52,1.52,0.22,3.08,24.1,,6.16,4.62,39.49,4.09,0,18.47,0.04,13.74,4.44,20,,11.11,2.22,36.67,3.33,2.22,20,
GRC2016,24061.59,11.7,7,80.37,0.07,12.63,2,,21.74,17.17,,15.65,6.8,19.32,6.44,6.44,6.44,0.04,13.8,9.52,25,,9.52,,34.52,3.57,5.95,11.9,
HUN2008,22925.44,8.2,11.1,153.72,0.11,10.49,3.21,0.66,13.03,16.47,0,16.3,1.03,33.61,3.09,6.18,10.29,0.18,10.17,2.82,27.82,1.06,17.25,1.41,32.39,8.45,2.11,6.69,0.56
HUN2009,21481.85,7.14,10.26,177.66,0.13,13.59,4,0.83,12.1,22.48,0,14.4,1.73,29.4,7.78,5.19,6.92,0.19,9.47,3.12,33.43,1.7,16.15,4.53,32.01,2.55,2.27,4.25,1.17
HUN2010,21692.47,11.6,14,198.26,0.1,11.96,3.62,1.24,34.91,21.32,0.93,4.84,3.71,21.32,2.78,1.85,8.34,0.21,11.11,6.12,20.66,0.51,16.58,3.32,36.22,5.87,2.81,7.91,1.05
HUN2011,22122.68,9.28,16.32,248.16,0.1,11.99,3.99,2.1,18.29,12.84,1.45,14.58,3.64,30.29,3.64,0,15.27,0.24,10.82,4.35,21.12,0.83,11.59,6,41.61,4.97,0.83,8.7,0.8
HUN2012,21830.87,9.8,22.08,200.9,0.09,10.7,3.32,1.18,10.58,26.44,0,4.65,3.17,34.9,7.04,3.17,10.05,0.22,9.8,5,20.87,0.65,16.74,6.09,33.04,5.87,2.83,8.91,1.21
HUN2013,22356.90,10.26,19.36,201.63,0.07,8.37,2.58,0.17,9.81,14.01,0,9.89,13.53,34.55,15.41,0,2.8,0.23,12.07,7.37,15.79,1.26,11.79,16.63,30.53,6.95,3.37,6.32,2.42
HUN2014,23370.16,6.95,15.18,247,0.06,7.8,2.31,0.82,7.56,17.64,0,9.07,4.21,28.77,3.78,7.56,21.42,0.15,10.53,2.54,17.03,0.72,12.32,17.75,31.52,6.88,3.26,7.97,3.02
HUN2015,24263.62,7.42,13.26,224.42,0.1,10.54,3.35,0.84,4.83,20.93,2.9,10.63,2.57,32.04,16.43,0,9.66,0.08,11.06,5.29,26.47,,8.24,6.47,32.94,12.35,1.76,6.47,3.14
HUN2016,24880.50,6.23,10.08,177.1,0.06,6.51,2.03,,10.25,11.71,0,19.03,1.46,27.31,15.6,0,14.64,0.04,10.46,5.75,14.94,1.15,13.79,,42.53,3.45,8.05,10.34,0.42
ISL2008,44980.95,0,0,18.06,0,1.14,1.61,0.08,0,0,0,66.67,0,33.33,0,0,0,0,6,,25,,,,75,,,,
ISL2009,41241.79,0,0,17.16,0.01,7.43,14.49,1.01,20.35,38.96,0,20.35,5.09,15.26,0,0,0,0.01,12.5,9.52,38.1,,23.81,,23.81,4.76,,,
ISL2010,39294.41,0,0,26.04,0.01,8.82,13.27,0.91,26.32,26.32,0,26.32,0,0,10.53,0,10.53,0,3.51,16.67,50,,33.33,,,,,,
ISL2011,39644.43,17.39,2,14.03,0.01,5,7.98,0.54,0,52.22,0,13.05,34.73,0,0,0,0,0,15.38,11.11,11.11,,11.11,,44.44,11.11,11.11,,
ISL2012,39889.80,0,0,13,0.01,5.4,9.58,0.57,7.08,13.21,17.65,21.14,7.4,28.22,0,5.29,0,0,17.39,,18.18,9.09,27.27,,36.36,,9.09,,
ISL2013,41343.91,0,0,26.04,0,2.09,3.82,0.22,0,0,0,0,0,33.33,0,66.67,0,0,8.7,,,,,,,,100,,
ISL2014,42024.23,8,1,15,0.01,7.71,13.18,0.77,0,15.8,0,0,0,78.99,5.21,0,0,0,17.86,,12.5,,,,87.5,,,,
ISL2015,43800.15,0,0,11.1,0.01,5.57,9.08,,50,25,0,0,0,0,0,25,0,0,11.76,66.67,,,,,,,33.33,,
ISL2016,46426.84,0,0,14.08,0.02,13.31,18.57,,38.17,21.81,0,32.72,7.31,0,0,0,0,0,33.33,42.86,14.29,,42.86,,,,,,
ISR2008,29383.33,6.83,57.12,574,0.96,10.36,38.98,23.06,4.87,35.16,0,5.8,7.92,15.35,19.89,5.56,5.46,0.56,6.56,6.81,24.18,0.11,16.69,4.43,29.17,5.9,7.72,4.99,
ISR2009,28986.06,6.36,38.8,579.5,0.72,9.67,31.6,17.72,6.06,35.33,0,9.73,6.89,20.1,7.1,8.61,6.19,0.52,7.5,4.84,26.13,2.15,14.95,9.68,26.99,3.76,5.81,5.7,
ISR2010,29950.79,6.67,35.31,657.23,0.62,8.95,30.12,12.52,10.16,42.65,0.33,6.47,5.27,17.87,4.94,8.32,4,0.64,9.36,4.26,28.63,3.73,14.91,5.86,24.37,4.06,7.32,6.86,
ISR2011,30821.89,7.93,81.42,915.53,0.68,10.19,34.15,12.56,6.37,32.09,0.56,7.16,12.47,19.19,7.81,9.06,5.3,0.59,8.92,4.61,37.32,2.01,15.09,1.34,22.45,7.66,4.91,4.61,
ISR2012,31022.61,5.87,79.56,1037.01,0.77,9.97,38.91,14.24,8.62,28.74,1.69,5.53,15.39,17.43,12.13,7.06,3.41,0.48,9.45,5.06,33.03,1.18,15.1,0.76,26.32,8.66,4.16,5.75,
ISR2013,31845.68,5.07,65.28,1072.4,0.58,7.62,28.22,10.56,6.94,24.91,1.06,5.88,13.13,24.52,7.13,12.29,4.15,0.47,10.36,3.86,37.29,0.4,13.16,6.92,23.24,5.04,5.34,4.75,
ISR2014,32546.53,6.19,80.08,1070.27,0.58,7.12,26.29,9.66,9.76,22.56,0.66,13.07,14.75,19.19,7.86,7.17,4.96,0.36,7.58,3.55,27.91,1.22,14.32,6.61,28.52,5.51,5.26,7.1,
ISR2015,32780.38,4.62,63.36,1142,0.6,6.49,25.08,8.71,4.31,20.06,0.69,10,17.96,30.3,1.69,9.18,5.81,0.31,6.88,2.84,25.55,0.26,16.13,3.87,33.81,4.13,6.45,6.97,
ISR2016,33537.15,5.58,77.76,1109.83,0.75,7.4,29.62,,7.75,17.44,1.13,8.3,20.82,23.57,7.1,9.36,4.52,0.25,6.72,3.92,22.76,0.56,16.6,2.43,30.97,4.48,11.57,6.72,
ITA2008,36643.88,11,125,1136.75,1.97,10.36,9.57,0.44,10.48,22.77,0.81,11.21,0.62,35.08,10.01,2.49,6.53,0.57,9.11,10.05,27.02,0.81,7.04,,37.07,9.12,2.31,6.58,1.46
ITA2009,34527.51,11.6,113.82,1214.46,2.07,11.91,11.03,0.7,11.24,26.24,0.55,9.91,1.68,30.12,11.87,3.13,5.28,0.81,10.01,11.74,30.04,0.4,6.72,0.49,32.79,8.58,3.16,6.07,2.32
ITA2010,34979.85,12.37,138.25,1162.46,1.7,10.93,10.28,0.74,11.75,24.4,0.83,11.19,1.31,30.99,11.79,3.56,4.18,0.72,9.84,10.71,27.1,0.56,7.83,0.48,35.65,8.39,4.4,4.88,1.41
ITA2011,35025.78,14.62,232.44,1264.18,1.62,10.98,10.29,0.69,11.79,27.78,0.13,10.31,1.53,28.74,11.72,3.36,4.63,0.67,10.16,9.36,31.44,0.16,7.06,0.33,32.51,10.34,2.79,5.99,1.15
ITA2012,33873.32,13.54,146.07,1078.65,1.68,11.63,10.73,0.77,12.55,23.77,0.85,11.67,2.27,28.14,11.97,2.48,6.31,0.59,10.05,10.3,27.81,0.86,9.18,0.52,32.45,8.93,3.26,6.7,1.07
ITA2013,33128.95,10.91,132.53,1173.2,1.5,10.15,9.32,0.75,9.73,21.76,1.12,11.14,1.14,33.06,12.5,3.41,6.16,0.53,9.39,9.14,22.95,0.28,7.74,3.92,34.98,10.82,3.17,7,0.86
ITA2014,33033.31,12.07,111.52,1013.85,1.59,10.12,9.39,0.74,9.93,15.17,0.42,13.04,1.32,36.1,16.58,2.86,4.58,0.27,8.99,9.88,16.35,0.85,13.29,1.02,36.12,13.29,3.75,5.45,0.83
ITA2015,33245.60,10.51,103.85,1083.24,1.74,10.05,9.66,0.82,9.93,13.77,1.19,14.37,0.59,36.38,14.15,3.95,5.66,0.4,8.89,9.41,16.04,1.21,14.23,0.36,34.5,11.22,4.95,8.08,0.79
ITA2016,33570.72,11.26,133.35,1015.5,1.64,9.11,8.63,,11.88,16.93,0.2,11.05,1.28,38.18,12.79,3.25,4.44,0.37,6.68,9.2,14.72,,9.66,0.46,47.09,9.36,4.29,5.21,0.79
JPN2008,35372.95,9.9,211.5,2491.65,21.66,8.66,48.2,1.38,5.47,17.49,0.52,14.05,4.74,33.4,20.95,1.32,2.05,29.49,8.23,4.49,16.55,0.66,12.49,3.85,36.14,20.2,1.77,3.86,5.01
JPN2009,33452.70,12.35,172.72,2097.54,21.07,9.99,51.69,1.52,5.84,23.09,0.75,14.15,4.43,26.92,21.33,1.46,2.02,27.09,9.07,5,20.76,0.77,12.26,3.71,31.96,20.2,1.95,3.4,11.55
JPN2010,34858.43,14.27,280.5,2359.14,22.58,10.9,62.99,1.9,6.02,26,0.59,12.43,3.99,23.51,24.39,1.32,1.76,26.04,9.67,5.4,22.92,0.7,12.04,3.68,28.45,21.69,1.88,3.23,9.5
JPN2011,34829.95,14.96,306.85,2461.74,23.19,11.44,68.14,1.79,5.83,25.03,0.76,12.43,4.22,22.28,26.35,1.44,1.68,24.9,10.15,5.64,22.96,0.69,11.64,4.03,27.22,22.89,1.94,2.98,2.03
JPN2012,35371.44,13.31,279.3,2517.24,22.21,11.1,66.22,1.79,6.25,22.89,0.71,12.52,4.9,23.53,26.01,1.66,1.52,23.21,10.13,5.99,24.19,0.65,11.93,4.12,26.76,21.68,1.96,2.72,1.84
JPN2013,36109.72,12.43,250.1,2414.82,21.17,10.61,61.62,1.55,5.32,19.55,0.82,11.53,4.16,26.91,28.57,1.59,1.53,20.47,9.64,5.3,21.55,0.66,11.76,4.97,28.13,22.61,2.23,2.8,1.7
JPN2014,36286.19,11.91,191.96,2418.36,21.68,10.32,60.43,1.57,5.05,20.41,0.88,12.41,3.91,28.25,26.14,1.64,1.3,19.02,9.03,5.63,20.95,0.58,13.08,4.45,28.96,21.32,2.33,2.7,1.48
JPN2015,36782.61,11.23,178.8,2388.84,20.98,9.53,55.13,1.62,5.06,19.05,0.56,12.24,3.94,32.25,23.77,1.64,1.48,18.36,8.76,5.94,20.35,0.58,12.45,4.57,30.31,20.85,2.08,2.88,1.83
JPN2016,37070.91,9.38,173.9,2223.66,18.99,8.2,47.57,1.25,4.39,19.26,0.46,12.99,3.1,30.2,26.49,1.58,1.53,17.08,8.08,5.14,19.53,0.57,12.52,3.63,31.53,21.67,2.45,2.96,1.77
KOR2008,28526.49,9.33,248.85,2667.2,6.25,8.03,36.33,0.99,7.23,26.48,0.64,14.31,12.41,24.02,9.31,1.64,3.97,16.52,9.26,5.99,22.39,0.8,13.32,4.48,34.75,9.55,2.37,6.34,3.57
KOR2009,28632.26,11.47,365.58,2655.7,7.79,10.13,49.77,,8.12,29.46,0.69,14.86,11.83,19.96,9.65,2.27,3.16,16.56,11.11,6.53,25.24,0.82,12.39,4.27,32.03,8.6,3.19,6.94,4.18
KOR2010,30370.47,12.85,379.75,2955.6,8.66,11.44,62.69,,11.21,30.99,0.61,13.42,10.31,17.43,12.23,1.34,2.46,16.7,12.13,7.79,27.66,0.62,12.84,4.17,28.46,10.08,2.81,5.57,4.07
KOR2011,31336.49,13.59,382.45,2814.15,8.78,12.15,66.58,,9.92,31.03,0.72,13.57,8.43,18.11,14.57,1.56,2.09,16.91,12.82,7.29,27.43,0.63,13.81,3.9,27.59,11.26,2.56,5.53,4.93
KOR2012,31879.09,13.2,431.55,3268.6,9.14,11.68,69.92,1.7,9.26,28.76,0.86,14.5,10.29,18.16,15.04,1.15,1.98,15.66,12.27,6.77,27.24,0.64,14.16,4.09,27.19,11.71,2.53,5.66,3.61
KOR2013,32616.64,11.44,339.6,2968.25,9.6,10.81,71.23,1.64,7.3,26.64,1.02,14.7,10.2,18.01,18.2,1.39,2.53,14.23,11.23,6.35,24.86,0.72,12.87,5.28,30.05,12.1,2.58,5.18,3.71
KOR2014,33531.88,11.87,335.45,3391.08,10.9,11.17,76.91,1.67,6.77,23.63,0.84,11.77,12.31,19.61,21.33,1.44,2.3,14.49,11.27,5.54,23.44,0.7,13.31,5.32,28.98,15.51,2.48,4.71,3.61
KOR2015,34321.56,10,341.34,3413.76,10.16,9.78,67.19,1.49,6.38,22.08,0.84,11.88,10.84,24.84,19.94,1.51,1.69,13.28,10.06,5.52,21.24,0.72,12.87,4.96,32.19,15.91,2.64,3.95,3.36
KOR2016,35215.83,11.43,333.5,3502.08,11.02,10.67,69.17,,6.33,25.57,0.66,10.88,8.99,23.24,20.79,1.45,2.09,13.99,10.5,5.33,21.62,0.69,13.35,3.72,32.36,14.6,3.16,5.17,3.29
LTU2008,22369.29,16.07,2.07,16.24,0.03,23.18,2.8,,16.22,45.95,0,10.81,0,10.81,5.41,5.41,5.41,0.03,12.96,11.36,36.36,,11.36,,29.55,2.27,4.55,4.55,
LTU2009,19329.81,8.62,1,22.04,0.01,16.61,1.26,,25,50,0,25,0,0,0,0,0,0.03,13.64,6.67,30,,16.67,,38.33,3.33,1.67,3.33,
LTU2010,19920.05,17.65,4.08,22.44,0.02,27.02,2.67,,23.08,28.23,0,2.54,0,30.77,15.38,0,0,0.03,14.23,11.67,28.33,,5,3.33,35,10,,6.67,
LTU2011,21400.71,16.39,5,14.03,0.01,13.12,1.17,,20.83,20.83,0,0,16.67,20.83,0,0,20.83,0.04,16.46,12.22,23.33,1.11,15.56,,32.22,3.33,3.33,8.89,
LTU2012,22495.79,5,1.02,18,0.02,10.66,2.13,,0,50,0,10,0,35,0,0,5,0.03,12.39,1.32,27.63,1.32,17.11,,32.89,1.32,3.95,14.47,
LTU2013,23566.24,12.86,0,8.4,0.02,15.46,2.69,,0,32.16,,19.56,0,39.88,0,0,8.4,0.04,14.47,10,23.64,,14.55,,36.36,3.64,1.82,10,
LTU2014,24707.32,13.27,6.11,28.42,0.02,7.2,2.21,,9.45,55.1,,9.45,0,25.99,0,0,0,0.02,8.6,10.2,32.65,,8.16,,36.73,6.12,2.04,4.08,
LTU2015,25547.17,4.11,2.01,17.52,0.02,20.89,2.39,,0,14.29,,14.29,0,42.86,28.57,0,0,0.02,9.79,7.5,27.5,,15,2.5,30,7.5,2.5,7.5,
LTU2016,26531.33,10.81,4,29.6,0.01,9.9,1.59,,0,10.57,,0,0,89.43,0,0,0,0.01,7.39,,16.13,,6.45,,70.97,,3.23,3.23,
LUX2008,89151.73,9.82,8.03,91.84,0.03,8.87,18.19,0.77,8.11,31.06,0,16.22,0,20.28,12.17,4.06,8.11,0,4.65,,9.09,,36.36,,27.27,,,27.27,
LUX2009,83356.05,12.39,11.06,90.4,0.04,15.2,25.58,0.79,7.41,21.6,0,35.99,0,30.05,2.47,0,2.47,0.02,17.89,,13.33,,46.67,,30,3.33,,6.67,
LUX2010,85455.81,10.4,12.09,116.25,0.03,11.62,24.61,0.91,3.7,11.11,3.7,13.59,0,36.41,14.81,3.7,12.96,0.01,9.92,,20.83,4.17,20.83,,33.33,4.17,4.17,12.5,
LUX2011,85699.10,25.76,56.05,215.26,0.06,17.96,42.21,1.48,6.64,29.08,3.06,16.07,0.77,33.67,7.65,1.53,1.53,0.01,12.31,9.09,31.82,4.55,18.18,,27.27,4.55,,4.55,5.89
LUX2012,83539.00,12.43,21.12,143.37,0.04,13.66,25.28,0.72,5.02,38.5,0,13.4,2.51,25.1,2.91,0,12.55,0.01,8.16,14.29,28.57,4.76,19.05,,28.57,,,4.76,1.77
LUX2013,84724.04,15.75,17,113.03,0.02,8.64,14.14,0.43,0,6.56,0,26.3,0,52.69,6.56,0,7.9,0.01,6.63,10,10,,20,,50,,,10,
LUX2014,86459.21,0,0,97.18,0.04,14.22,25.25,0.82,0,23.07,0,16.94,0,48.45,4.61,4.61,2.31,0.01,7.82,9.68,12.9,,19.35,,45.16,9.68,3.23,,
LUX2015,87906.90,11,9.02,91,0.03,9.39,19.41,1.05,4,23.33,0,10,0,46.34,8.32,2,6,0.02,9.52,5.41,43.24,,13.51,,24.32,8.11,,5.41,
LUX2016,88080.45,12.22,9.02,78.3,0.04,10.96,23.88,1.27,0,16.79,0,11.75,0,58.85,12.61,0,0,0.01,6.02,,11.54,,19.23,,42.31,15.38,3.85,7.69,
LVA2008,20629.36,13.33,1.12,13.65,0.01,6.55,1.15,,0,27.27,0,0,,36.36,0,0,36.36,0.02,14.57,,37.04,,11.11,,37.04,,,14.81,
LVA2009,17876.35,9.46,1.12,16.28,0.03,17.96,4.58,,0,29.85,0,15.59,,46.77,0,0,7.79,0.02,11.21,3.23,38.71,,12.9,,35.48,,,9.68,
LVA2010,17381.99,9.09,1.08,21.12,0,2.93,0.47,,0,0,0,0,,50,0,0,50,0.01,10.71,4,24,,12,,52,,,8,
LVA2011,18714.16,14.69,4.2,27.17,0.01,7.5,1.55,,0,26.67,0,6.67,,60,0,0,6.67,0.02,15.7,,33.33,,3.33,,60,,,3.33,
LVA2012,19700.64,11.52,3.04,26.4,0.01,11.95,2.17,,0,18.18,0,27.27,,36.36,18.18,0,0,0.01,9.52,,28.57,,4.76,,42.86,4.76,,19.05,
LVA2013,20416.75,10.16,1,22.14,0.02,14.52,2.93,,0,44.44,,0,,33.33,0,0,22.22,0.01,8.14,,44,,8,,32,,,16,
LVA2014,21040.38,10.71,4.05,19.32,0.01,14.51,1.48,,0,25,,25,,50,0,,0,0,7.14,,71.43,,14.29,,14.29,,,,
LVA2015,21921.00,8.22,2.04,20.44,0.01,10.28,1.25,,0,0,,42.86,,57.14,0,,0,0.01,9.85,,41.18,,5.88,,41.18,,,11.76,
LVA2016,22638.80,15.91,2.1,20.24,0,0,0,,0,0,,0,,0,0,,0,0.01,14.56,,41.18,,5.88,,41.18,,,11.76,
MEX2008,15781.14,11.32,14.03,156.31,0.13,13.44,0.33,0.04,14.15,19.55,1.97,12.77,3.03,34.39,4.32,5.9,3.93,1.61,10.26,3.97,21.29,2.66,18.67,3.79,34.09,3.54,5.5,6.49,
MEX2009,14727.88,11.11,17.36,141.12,0.08,8.61,0.22,0.03,10.05,29.65,1.92,6.23,0,37.8,8.61,5.74,0,1.64,10.89,3.39,24.62,3.23,16.08,2.88,32.44,4.59,5.63,7.15,
MEX2010,15260.62,13.23,22.33,157.14,0.14,15.2,0.43,0.04,2.85,16.33,2.85,19.82,0.71,40.84,2.38,4.98,9.25,1.61,12,5.39,23.98,2.07,16.36,1.95,30.74,7.22,6.92,5.36,
MEX2011,15600.50,16.25,34.41,177.58,0.13,15.05,0.43,0.03,5.93,14.18,0.93,18.64,0,38.81,6.16,5.58,9.76,1.5,11.64,4.31,23.22,2.02,18.23,2.14,32.62,6.02,4.37,7.07,
MEX2012,15951.06,11,14.25,172.8,0.12,13.12,0.38,0.03,8.53,22.57,1.42,14.22,1.83,22.75,14.46,4.27,9.95,1.32,10.72,4.58,25.03,1.4,17.77,2.1,30.81,6.92,4.18,7.22,
MEX2013,15955.76,10.04,20.68,196.56,0.1,9.58,0.31,0.03,2.69,20.55,4.04,16.83,0,34.69,13.13,3.03,5.05,1.29,10.3,5.13,20.4,1.42,19.37,4.07,30.92,7.1,4.68,6.91,0.84
MEX2014,16194.97,13.09,34.75,244.26,0.15,13.85,0.45,0.03,7.88,16.43,1.39,20.14,1.39,40.28,8.33,2.08,2.08,1.22,9.45,5.46,19.84,1.22,17.53,2.55,35.06,8.26,4.3,5.77,0.12
MEX2015,16521.13,9.47,18.08,262.46,0.12,9.36,0.32,,14.97,12.13,0,17.81,4.13,26.73,15.68,4.28,4.28,1.25,9.37,6.32,20.82,0.76,19.38,3.36,29.81,9.89,3.5,6.17,0.12
MEX2016,16800.44,10.2,19.89,240.87,0.13,9.66,0.35,0.03,2.37,23.75,1.58,11.61,0,38.79,7.65,7.92,6.33,0.98,8.63,5.39,17.84,1.12,19.27,1.78,36.2,8.49,3.36,6.56,0.13
NLD2008,46266.97,10.12,129.8,1026.52,1.42,9.42,24.57,2.62,11.98,29.46,4.08,16.43,4.45,22.88,4.21,3.66,2.84,0.23,10.16,9.48,27.01,1.72,10.06,0.29,36.78,6.03,3.74,4.89,2.58
NLD2009,44414.21,11.31,136,1105.84,1.5,11.81,28.47,2.93,13.19,25.37,3,15.63,3.4,27.47,4.61,3.06,4.27,0.24,10.93,13.46,32.98,0.26,8.97,0.26,30.34,6.07,2.64,5.01,1.98
NLD2010,44858.02,11.47,128.5,1030.86,1.23,11.86,26.49,2.62,11.7,30.04,1.73,15.41,3.25,25.16,7.78,2.36,2.58,0.23,12.2,12.31,25.88,0.75,11.06,0.25,32.16,9.55,4.52,3.52,1
NLD2011,45403.41,13.17,142.5,1103.64,1.34,11.65,30.17,3.54,15.87,23.46,2.02,23.34,3.97,19,7.16,3.4,1.78,0.23,12.86,15.08,23.9,0.7,11.6,0.93,28.07,10.21,4.64,4.87,2.25
NLD2012,44792.04,11.28,153.09,1120.08,1.25,10.98,28.53,2.77,15.05,20.7,2.55,22.28,5.46,21.15,6.95,2.28,3.57,0.18,11.55,10.26,22.87,0.59,12.02,0.59,35.48,9.38,2.93,5.87,1.13
NLD2013,44596.52,11.24,123.24,1117.24,1.11,9.33,24.57,2.42,15.5,21.91,2.77,19.2,3.05,23.65,7.25,1.91,4.75,0.18,12.32,14.69,23.45,1.29,10.57,10.82,26.29,6.7,2.06,4.12,0.99
NLD2014,45100.05,10.94,145,1120.14,1.13,8.96,23.97,2.65,19.69,22.71,2.8,12.98,3.19,29.15,4.12,1.43,3.93,0.16,10.59,11.69,27.92,1.3,12.99,1.62,31.82,4.22,3.57,4.87,1.33
NLD2015,45858.83,11.66,166.95,1159.23,1.27,9.19,25.19,2.33,12.77,17.67,2.77,13.22,3.13,36.39,7.69,2.22,4.15,0.16,10.59,8.07,25.47,1.55,11.18,1.86,36.02,5.9,4.04,5.9,0.63
NLD2016,46745.82,10.86,125.08,1087,1.26,8.71,23.73,2.3,17.17,21.41,1.94,16.03,2,28.78,5.27,3.58,3.83,0.16,10.25,11.44,20.92,0.65,14.38,,33.01,5.23,6.54,7.84,1.35
NOR2008,59972.33,14.29,37.1,191.1,0.43,14.88,25.97,1.24,2.42,35.35,4.44,11.42,4.57,26.39,5.11,7.62,2.69,0.53,9.23,1.84,21.1,2.21,20.86,2.09,36.81,5.28,4.17,5.64,4.98
NOR2009,58254.92,11.66,31.05,236.8,0.48,15.83,31.67,1.12,3.14,37.13,5.7,13.63,1.31,27.63,5.11,4.91,1.44,0.35,10.66,3.47,27.56,5.55,14.56,2.08,34.32,4.51,4.33,3.64,1.19
NOR2010,57955.02,13.24,24.12,212.52,0.39,15.07,28.61,0.89,3.84,33.21,3.37,18.4,0.75,26.72,5.17,4.57,3.97,0.13,10.83,3.4,32.34,3.83,13.19,,34.89,3.83,5.96,2.55,0.71
NOR2011,57785.20,12.3,29.26,225.36,0.35,14.42,26.36,0.9,4.59,37.55,4.99,11.08,3.68,27.8,5.41,2.75,2.15,0.11,10.33,3.23,31.8,4.15,9.68,,38.71,4.15,3.69,4.61,0.93
NOR2012,58573.29,11.77,43.45,268.4,0.31,13.49,23.93,0.82,8.74,27.26,5.46,13.66,3.9,28.86,2.73,7.2,2.19,0.09,10.12,4.3,19.35,5.38,12.9,,33.87,3.76,17.74,2.69,0.68
NOR2013,58413.00,10.43,29.25,301.98,0.26,10.35,19.33,0.65,3.24,19.35,5.73,9.94,0.43,44.87,9.73,4.43,2.27,0.07,7.41,1.75,18.71,4.09,8.19,,46.2,7.6,8.19,5.26,0.44
NOR2014,58835.93,6.55,13.12,244.14,0.21,8.89,14.7,0.49,0,35.24,1.93,10.46,5.55,24.14,11.59,8.69,2.41,0.07,9.23,1.33,24.67,4,10,0.67,32.67,9.33,11.33,6,0.56
NOR2015,59329.08,9.03,31.35,219.24,0.26,10.4,16.87,0.58,1.21,21.6,2.82,13.02,3.62,29.7,13.28,9.52,5.23,0.08,9,0.58,22.67,5.81,15.12,1.74,31.98,8.72,8.14,5.23,0.34
NOR2016,59381.13,10.23,21.42,197.12,0.25,8.26,14.95,0.47,8.14,19.66,1.84,11.98,0.92,25.81,20.28,10.44,0.92,0.11,9.15,3.26,16.3,5.43,8.7,4.35,30.98,11.41,6.52,13.04,0.29
NZL2008,30885.73,5.95,5.06,122.1,0.16,10.12,10.88,0.38,15.66,22.4,3.31,11.69,0.44,32.15,8.38,1.99,3.97,0.4,8.67,7.73,27.64,1.34,19.32,0.59,30.01,2.67,4.16,6.54,0.72
NZL2009,31149.71,8.93,13.05,112.56,0.21,13.99,15.4,0.52,4.8,24.4,0,13.74,0,27.78,20.72,2.03,6.53,0.48,10.41,6.33,34.83,2.07,18.12,0.22,23.25,5.35,4.59,5.24,1.56
NZL2010,31114.58,13.33,16.08,93.6,0.14,10.52,11.34,0.56,6.77,24.66,0,23.35,0,23.07,19.69,0,2.46,0.46,10.74,4.76,32.29,0.81,22.47,1.21,27.02,4.25,3.95,3.24,1.13
NZL2011,31600.67,9.18,13.14,137.2,0.16,13.22,13.81,0.68,11.47,23.1,0,17.88,0.15,14.31,21.46,2.68,8.94,0.41,11.32,5.04,26.71,1.78,19.98,0.69,30.66,5.24,2.47,7.42,1.87
NZL2012,32030.59,8.47,9.12,145.53,0.15,12.04,12.83,0.64,12.4,25.61,0,6.83,0.54,19.95,27.31,4.67,2.7,0.36,10.34,7.95,31.25,0.68,18.52,1.14,25.91,4.66,4.43,5.45,1.52
NZL2013,32314.32,11.35,19.11,151.7,0.14,9.29,11.38,0.55,8.07,21.97,0,6.5,5.38,18.83,37.9,1.35,0,0.27,9.57,4.52,32.3,0.9,17.83,0.78,28.94,2.71,1.94,10.08,1.29
NZL2014,33084.26,12.92,20.01,124.6,0.21,12.61,16.27,0.77,15.52,15.83,0.99,7.56,7.39,19.54,27.1,0.99,5.09,0.14,10.37,6.23,31.83,,14.19,1.04,30.1,4.84,5.88,5.88,1.66
NZL2015,34130.80,7.93,12.09,134.48,0.11,7.79,8.31,0.39,8.51,26.03,0,11.34,1.55,25.52,24.23,1.55,1.28,0.05,8.29,12.04,27.78,,9.26,1.85,35.19,11.11,0.93,1.85,0.94
NZL2016,35052.85,6.77,8.01,105.07,0.08,5.83,5.26,0.31,4.88,16.65,0,29.68,2.44,24.8,11.39,3.66,6.51,0.02,8.78,5.41,8.11,,16.22,,35.14,10.81,16.22,8.11,1.72
POL2008,19596.60,9.98,19.2,240.6,0.22,16.74,1.64,0.54,7.51,18.99,4.06,12.72,0.73,38.55,0.81,1.62,15.01,0.45,11.73,5.73,19.48,0.72,12.75,0.29,44.84,4.87,2.15,9.17,17.46
POL2009,20151.82,9.61,28.32,276.15,0.18,14.68,1.51,,7.01,13.67,3.24,14.57,4.5,43.16,2.16,2.7,8.99,0.46,11.28,4.88,23.17,0.81,9.76,0.68,46.48,4.88,2.71,6.64,0.21
POL2010,20890.73,10.34,36.48,330.9,0.14,10.96,1.34,,12.46,25.1,0,8.1,1.87,38.68,5.07,2.49,6.23,0.5,12.51,7.2,21.82,0.64,11.55,1.06,38.98,6.04,3.71,9,0.19
POL2011,21963.50,11.38,42.84,376.32,0.17,12.25,1.7,,10.26,31.08,1.67,14.82,0.83,28.1,7.49,1.11,4.65,0.55,11.91,7.27,22.24,0.96,8.32,0.44,42.82,6.57,1.93,9.46,0.45
POL2012,22351.55,12.08,55.05,394.81,0.31,16.61,3.14,0.47,4.17,15.27,2.09,14.92,1.08,44.45,8.61,0.93,8.49,0.63,12.86,5.63,19.07,1.13,11.54,0.35,43.77,5.77,1.55,11.19,0.73
POL2013,22703.64,11.56,49.56,428.82,0.24,13.35,2.33,0.32,12.45,29.06,0,13.19,0.73,32.97,6.1,1.47,4.03,0.6,11.67,7.27,23.81,0.61,10.95,0.23,40.28,5.97,2.22,8.65,1.23
POL2014,23498.28,10.68,48.45,423.22,0.28,13.87,2.66,0.31,9.87,12.38,0.58,17.9,0.87,43.25,6.1,0.77,8.27,0.48,10.98,4.69,21.29,1.03,12.1,0.38,43.25,7.32,1.69,8.26,0.49
POL2015,24436.94,11.06,30.48,379.06,0.33,13.25,2.88,0.32,10.31,16.46,1.15,12.98,2.29,31.1,12.12,2.91,10.69,0.45,11.58,6.04,17.4,1.25,7.5,0.21,48.85,6.15,1.25,11.35,0.61
POL2016,25215.09,10.42,36.24,347.64,0.21,9.91,1.77,,1.16,17.47,1.16,11.23,3.31,32.64,15.16,9.18,8.69,0.35,11.1,5.35,20.09,0.72,10.12,,44.8,4.77,3.47,10.69,0.46
SVK2008,25089.70,10.37,11.06,78.3,0.03,9.1,1.38,0.43,0,16.57,0,19.7,9.47,35.32,0,0,18.94,0.01,9.04,10.53,26.32,,5.26,,31.58,5.26,5.26,15.79,0.24
SVK2009,23721.37,11.29,6.02,73.16,0.03,11.94,1.57,0.48,3.7,22.22,0,7.41,0,51.85,0,0,14.81,0.02,14.29,,22.58,,3.23,,54.84,,6.45,12.9,0.34
SVK2010,24902.85,13.04,8.16,82.8,0.04,15.76,2.83,0.84,19.26,42.51,0,0.53,4.81,19.26,8.81,0,4.81,0.03,16.09,11.76,25.49,,3.92,,47.06,3.92,1.96,5.88,0.78
SVK2011,25582.91,20.62,18,77.6,0.06,20.44,4.08,0.83,18.46,15.04,9.57,7.69,0,30.99,10.04,0,8.21,0.03,19.62,12.07,20.69,1.72,5.17,,44.83,10.34,,5.17,0.13
SVK2012,25978.27,12.24,10.08,111.72,0.03,11.83,2.18,0.56,6.04,32.22,0,4.03,0,31.53,8.05,0,18.12,0.02,11.83,7.69,23.08,,7.69,,46.15,2.56,2.56,10.26,0.24
SVK2013,26332.27,9.48,7,111.83,0.04,10.86,2.6,0.63,4.31,53.83,0,1.99,3.99,21.93,3.99,5.98,3.99,0.02,16.16,1.85,44.44,,7.41,1.85,29.63,5.56,3.7,5.56,0.4
SVK2014,27021.22,10.28,17.16,154.33,0.04,13.13,2.79,0.56,7.18,11.1,0,13.06,7.85,21.58,13.73,5.88,19.62,0.01,10.81,9.38,25,,12.5,,31.25,6.25,,15.63,0.1
SVK2015,28114.07,11.76,17.1,140.25,0.06,17.69,3.92,0.68,0,51.35,0,9.08,0,18.71,4.81,0,16.05,0.02,16.11,,39.22,,7.84,,37.25,1.96,,13.73,4.88
SVK2016,28958.69,9.45,12,127,0.07,14.7,3.86,1.04,3.34,16.69,0,11.01,0,45.43,1.29,4.45,17.8,0.02,11.68,2.5,15,,7.5,,50,,5,20,0.29
SVN2008,30092.38,3.41,4.06,34.85,0.03,3.43,3.54,0.52,5.27,35.09,0,3.48,0,24.55,31.61,0,0,0.22,7.27,10.17,17.23,1.41,15.82,1.98,36.16,4.24,1.69,11.3,
SVN2009,27599.31,4.23,1.08,31.95,0.03,4.59,4.83,0.67,24.42,47.66,0,0,0,20.94,6.98,0,0,0.18,6.76,4.84,30.11,1.88,13.44,,33.87,3.49,3.76,8.6,
SVN2010,27810.56,6.64,5,72.24,0.03,5.68,5.63,0.64,26.67,35.56,0,8.89,0,17.78,11.11,0,0,0.19,8.31,13.35,24.8,,17.98,1.91,26.16,6.54,3.27,5.99,
SVN2011,27882.67,7.42,3.04,51.2,0.05,8.29,8.53,0.72,7.27,7.27,0,12.73,0,49.09,12.73,3.64,7.27,0.17,8.32,6.89,25.45,1.2,15.57,,35.03,1.8,1.5,12.57,
SVN2012,27052.13,10.8,3.22,36.21,0.05,9.81,9.56,1.09,8.45,23.25,0,10.57,0,39.43,9.85,4.23,4.23,0.18,11.04,6.74,23.83,0.78,18.13,,30.83,5.44,3.11,11.14,
SVN2013,26677.34,6.14,3.06,58.17,0.07,11.44,12.28,1.43,18.93,8.74,,8.74,0.96,32.04,10.2,17.48,2.91,0.13,10.42,13.25,16.89,1.99,14.57,1.66,31.13,6.95,2.98,10.6,
SVN2014,27406.32,7.47,8.05,80.08,0.06,10.3,9.55,1.12,12.6,9.45,,10.24,0,48.82,6.3,3.15,9.45,0.05,7.32,8.26,21.1,,11.93,,39.45,5.5,2.75,11.01,
SVN2015,27987.77,8.68,10.07,78.84,0.04,8.85,6.68,0.57,17.27,19.43,,14.38,0,35.97,12.95,0,0,0.02,5.74,20.93,20.93,,4.65,4.65,34.88,4.65,2.33,6.98,
SVN2016,28804.59,11.42,13,81.03,0.05,9.69,7.71,,30.43,4.35,,2.17,0,47.83,15.22,0,0,0.02,7.44,21.21,6.06,,6.06,,60.61,3.03,3.03,,
SWE2008,42114.51,9.47,73.92,1007.81,0.96,8.47,29.68,1.88,4.88,20.6,1.36,8.84,10.46,36.33,10.69,2.89,3.94,0.23,12.17,5.25,22.74,0.58,6.41,0.29,41.4,16.62,2.33,4.37,1.92
SWE2009,39998.39,11.97,74.1,944.82,0.96,10.39,32.44,1.56,6.5,25.45,1.33,7.49,5.37,28.44,21.17,2.05,2.2,0.23,13.85,7.73,24.8,0.27,5.6,,33.07,23.47,2.4,2.67,1.49
SWE2010,42125.25,12.9,128.52,1067.4,1,11.64,38.21,1.68,5.19,15.28,1.48,7.78,4.35,41.56,20.11,2.82,1.44,0.24,15.98,4.36,14,0.91,8.91,,43.09,24.36,3.09,1.27,0.74
SWE2011,43060.05,10.71,101.66,1205.16,0.91,11.38,36.42,1.46,3.2,15.79,1.42,8.46,7.64,37.22,18.7,2.8,4.75,0.18,14.99,3.24,20.2,0.75,5.99,0.25,40.9,20.45,2.24,5.99,1.15
SWE2012,42447.13,13,143.08,1179,0.98,11.6,39.2,1.51,5.95,12.85,1.58,9.88,10.42,32.68,21.77,2.2,2.68,0.19,15.41,4.24,13.62,1.56,9.38,0.89,39.73,25.67,1.79,3.13,1.27
SWE2013,42573.37,14.18,143.37,1160.64,1.05,13.38,40.89,1.77,4.78,12.66,1.28,7.4,9.77,36.58,22.96,2.28,2.3,0.21,17.44,4.88,15.85,0.2,4.47,8.13,39.43,22.36,2.03,2.64,1
SWE2014,43408.48,10.61,93.24,1213.07,1.13,14,41.7,1.75,5.87,12.99,0.62,10.55,10.15,33.33,20.91,3.29,2.28,0.22,17.95,8.23,14.07,0.43,8.66,0.87,39.18,23.16,2.6,2.81,0.8
SWE2015,44989.47,10.26,109.75,1155.33,1.07,12.35,36.85,1.75,6.15,11.59,0.34,10.98,7.76,37.03,21.36,2.83,1.96,0.18,14.9,7.02,14.29,,7.75,1.45,38.98,24.21,3.15,3.15,0.97
SWE2016,45742.23,11.15,87.36,783.16,1.1,11.62,35.75,,4.65,11.15,0.39,9.24,8.17,35.82,22.27,5.74,2.57,0.19,14.11,3.45,11.08,0.49,4.19,0.99,44.83,25.37,6.4,3.2,0.85
TUR2008,17312.33,7.08,14.06,150.36,0.13,7.41,0.53,0.31,13.68,40.71,0,5.1,6.8,23.45,6.84,1.47,1.95,0.07,5.1,9.28,29.9,,5.15,,42.27,4.12,4.12,5.15,4.27
TUR2009,16289.05,6.06,23.04,160.38,0.13,7.02,0.6,0.32,16.97,36.11,1.18,7.16,5.69,18.28,7.6,4.39,2.63,0.09,5.96,5,40,,11.67,0.83,26.67,4.17,4.17,7.5,4.12
TUR2010,17425.86,3.47,16.12,157.29,0.1,4.91,0.51,0.23,10.13,43.61,1.13,15.2,4.47,15.62,7.6,1.69,0.56,0.07,4.53,3.76,39.1,,12.03,,31.58,5.26,3.76,4.51,
TUR2011,19068.19,7.57,25.44,175,0.15,8.2,0.76,0.29,34.16,16.08,0,6.51,3.89,25.84,6.51,1.39,5.62,0.1,6.27,13.1,27.38,,10.71,0.6,39.88,2.98,2.98,2.38,
TUR2012,19658.26,6.23,17.01,131.43,0.11,5.67,0.59,0.25,12.87,30.7,1.64,11.23,6.97,22.89,3.29,0.54,9.87,0.05,6.7,9.57,25.53,1.06,6.38,,39.36,4.26,4.26,9.57,
TUR2013,20969.52,7,20.16,174.76,0.17,7.68,0.84,0.55,9.08,15.14,2.02,13.12,4.79,33.47,11.1,2.02,9.25,0.05,7.91,11.01,13.76,1.83,16.51,0.92,30.28,16.51,1.83,7.34,
TUR2014,21680.65,5.69,15.05,172.2,0.25,10.08,1.16,1.01,12.99,18,0.81,8.96,1.42,33.86,11.37,5.28,7.31,0.08,9.57,9.2,17.18,1.23,10.43,0.61,38.65,12.27,4.29,6.13,0.55
TUR2015,22619.32,4.54,12.24,134.82,0.27,8.86,1.15,0.34,13.38,17.83,0,9.69,2.31,29.82,13.76,8.61,4.61,0.08,7.53,13.28,21.09,,10.94,0.78,28.13,14.06,7.03,4.69,0.73
TUR2016,22959.84,5.18,17.16,153,0.27,7.61,1.09,,21.24,23.5,0,14.98,0.9,29.67,5.2,0,4.52,0.1,5.68,21.59,18.75,,11.36,2.27,32.95,6.82,1.7,4.55,0.2
USA2008,49418.28,7.78,1135.8,13869.24,25.56,11.3,24.09,2.79,5.84,25.22,1.53,12.68,4.39,27.47,16.37,3.73,2.78,28.83,8.21,6.36,21.37,1.12,13.1,7.05,28.2,17.08,3.03,2.69,4.57
USA2009,47720.98,8.84,1240.14,13383.51,24.53,12.31,25.26,1.77,6.31,26.79,1.59,12.73,4.39,26.51,15.59,3.6,2.48,27.45,9.12,6.85,24.97,1.15,13.19,6.48,25.5,16.08,3.23,2.54,1.03
USA2010,48516.17,9.64,1562.64,14852.64,23.36,12.48,27.1,2.64,6.42,26.53,1.57,13.11,4.78,25.69,15.86,3.43,2.61,27.87,9.76,7.3,25.62,1.19,13.33,7.04,23.76,16.26,3.03,2.48,1.8
USA2011,48861.79,9.54,1781,16430.48,22.96,12.02,27.83,3.04,6.95,24.59,1.58,12.33,5.87,24.87,16.86,3.89,3.07,27.91,10.01,7.64,25.33,1.03,12.65,7.26,22.45,18.34,2.74,2.57,1.81
USA2012,49569.63,9.27,1720.84,17713.5,24.75,12.25,30.18,3.38,6.11,22.13,1.34,11.91,7.99,23.71,19.53,4.25,3.03,27.23,9.83,7.34,23.72,1.02,12.4,9.12,21.81,19.09,3.01,2.48,1.26
USA2013,50106.73,8.61,1701.48,18854.43,26.9,11.29,31.76,3.55,6.08,19.32,1.15,12.41,8.42,24.86,20.35,4.86,2.53,26.11,9.37,7.43,22.32,0.97,12.57,9.54,22.22,19.28,3.34,2.33,1.82
USA2014,51006.00,8.19,1577.57,18425.88,24.3,10.61,27.24,2.94,6.58,17.64,1.34,13.52,8.65,24.46,20.68,4.54,2.59,24.92,9.14,7.46,19.88,1.04,12.94,9.4,23.15,20.3,3.5,2.34,1.5
USA2015,52128.59,8.38,1390.4,18251.42,24.27,10.05,25.43,2.2,6.62,17.18,1.66,13.43,7.61,25.31,19.95,5.24,3.01,24.92,8.91,7.47,19.17,1.03,13,9.45,23.84,19.88,3.72,2.47,1.33
USA2016,52631.75,8.4,1308.2,17134.04,24.08,9.43,23.85,1.94,6.41,15.37,1.16,12.04,8.2,25.72,23.34,4.99,2.76,23.72,8.5,7.23,18.25,0.87,12.63,9.27,25.2,20.24,3.86,2.44,0.94